{"cameraMode":{"drawMode":0,"name":"Shaded","section":"Shading Mode"},"sceneLighting":true,"audioPlay":false,"sceneViewState":{"showFog":true,"showMaterialUpdate":false,"showSkybox":true,"showFlares":true,"showImageEffects":true,"showParticleSystems":true},"in2DMode":false,"pivot":{"x":-4.523915767669678,"y":-4.973277568817139,"z":8.574577331542969},"rotation":{"x":0.2878401577472687,"y":-0.15145675837993623,"z":0.046169884502887729,"w":0.9445143342018127},"size":32.12626266479492,"orthographic":false}